Id,Profile,NameStudent,StudentIdentification
1,https://static.wikia.nocookie.net/disney/images/e/e1/Profile_-_T.J._Detweiler.jpg/revision/latest?cb=20190319134824,"Theodore Jasper",111
2,https://static.wikia.nocookie.net/disney/images/d/d1/Gretchen_Grundler.jpg/revision/latest?cb=20110716123544&path-prefix=es,"Gretchen Prunella Grundler",222
3,https://static.wikia.nocookie.net/disney/images/9/91/Mikey_Blumberg.png/revision/latest?cb=20110716123544&path-prefix=es,"Michael Blumberg",333
4,https://assets.mycast.io/actor_images/actor-gus-griswald-203842_large.jpg?1619109958,Gus,444
5,https://static.wikia.nocookie.net/disney/images/6/6b/Profile_-_Vince_LaSalle.jpeg/revision/latest?cb=20200124000041,"Vincent Pierre",555
6,https://static.wikia.nocookie.net/disney/images/9/94/Profile_-_Ashley_Spinelli.jpeg/revision/latest?cb=20200123235611,"Ashley Spinelli",666
7,https://static.wikia.nocookie.net/recreo/images/4/4d/Char_30579.jpg/revision/latest/scale-to-width-down/250?cb=20121217190531&path-prefix=es,"Ashley Armbruster",777
8,"data:image/jpeg;base64,/9j/4AAQSkZJRgABAQAAAQABAAD/2wCEAAkGBwgHBgkIBwgKCgkLDRYPDQwMDRsUFRAWIB0iIiAdHx8kKDQsJCYxJx8fLT0tMTU3Ojo6Iys/RD84QzQ5OjcBCgoKDQwNGg8PGjclHyU3Nzc3Nzc3Nzc3Nzc3Nzc3Nzc3Nzc3Nzc3Nzc3Nzc3Nzc3Nzc3Nzc3Nzc3Nzc3Nzc3N//AABEIAJAAjQMBIgACEQEDEQH/xAAcAAABBQEBAQAAAAAAAAAAAAAEAQIDBQYHAAj/xABBEAACAQMCAwUFBQUGBgMAAAABAgMABBEFIRIxQQYTUWFxIjKBkbEHFEKhwSMzUmJyFUOSotHwU1SCk9LhJDRE/8QAGgEAAgMBAQAAAAAAAAAAAAAAAwQAAQIFBv/EACERAAIDAAICAwEBAAAAAAAAAAABAgMREiETMQRBURQF/9oADAMBAAIRAxEAPwDmou9WRu8jvZVnJPFMH9phtgH5UTb612ihbi/tVyB0YB/0oXEn/EH+GptGhN/q1vZyuVSRuFyowQME/pQ4zk30x2VFUVrR07s/dT3mj2lxdENLJGGZgvDk+OKsagtYorW3jgiI4I1CLk74FShl/iHzrqReI4z99Dq9ScQ8R869xDxHzrWorGLivVH38Yk7suofGcE14zRjnKn+Ks6i8JK9URuIR/ex+ftimNe2q+9cwj1cf61eomMIzSUKdRsRzvLf/uCvDUbEjIvLcjykFRtExhNLQn9oWX/Nwf8AcFL9/tDyuoD6SCq1ExhNLQ63du3KeL4OKf38Of30f+IVrUTCSlqMSxnk6H/qp3Ev8Q+dTUUchzT7QRJeRmRwowTknG/L9aqe/k4sd4wXxowWxI4lmZj4+NcZLj2egclbHEaUIjDIVT51DJcWkbcLugI6c6pIVHAAC2xwRxHY0q/sW4STwE5BNF8guvhr7Zbte2Y2D8fkoJxUD6naYIjR3YfhAx+dVRzK/ECQuMY8ab7+y7INiR1qc5ApVQT6Dn1UdLNCf6yf0oeS/uCf3NugPIcOTUTHgwqczyH60qIAM9TzJqc2Z4IcLmc7nI8gFpTdSHbvmTPkP9KSoZGLZC8icDxNZ5MvighLi6jzwTcQP8ag05bydTly2fEEEfKhkgCDIJDdccqXiK7ONv4qmstJL6C472ScnEoGOgUCla6lhAPErb4AZRvQhAJyNj0IpQ/G6pIOpw3TlU1jEPHLpoMaWRjxFlXPRUGBSR3MhB9mNlz7zLvUUh4Ux1OF+dOUBQFAwKnJjHgr/CX71IrheCFj4cOMVKLuQcljHwNBREMC3Vt/QdKc8qoRnrU8kiv5639FQOVG6c+Q0Z5DcUEOVEWRxcr5giqYCp40HY4ZgcbOMH16frTLkglFOSOZAFOnPCgPUEEfCpJI1YZ5EcjWRua1NIWy02/1MSLp1nPOUA7zu0zw5ptxZ3NkAt3azW+OksZX611v7PtPu7Hs1ai0jiSW8UXU08oJHtD2QAOfsgddq1tvDdnjW+a3mQjYpEVPxBJobsxiiqPm6L28ycy30p5wOZrvmqdjdB1ME3GnRLIf7yL9m3zFVOkdgl0TWFu7G/4rQqUmtp4w3Ep8D5HHOorUV4mcXkycKPxHpSIuWJ6D2QK7jrf2faFqeXjt/udx0kt9hnzXka5zr3YPWNEV5ET77bLuZYRuo815/KtKxMzKtoy9Ruc+yoyfPkKkYgAnIOPCmovCN/ePOiGBkaMnXK+FPYcQIpa9VkGrIWZVkIyrfPY71NKf2bYO+KJ0OSGPU4RcRLJHKe7biGefI/PFbdtE0yQe1ZxfLFZwKvk8emjAQjCkY3zTBwu7luQPCP8AfxrczdmdNkyVSRD/ACyGgW7JIu0N3Iq5zhkBqYbXy4GCHKprQ4uY/j9KiFS2wzcx/wC+lWzFf0G3eO738/pRIQy8MSnBkIQHwJ2qC6XMLH5VpuxGk/2jr0E8v/1bGWKWfbZgXAA+p+FYG7JcU2dk0izv2sIFtbeOO3RAiGdirMAMAgAHA9flREcjic21zCYbgDi4eLIYeKnqPpUeka1rlz2u1HS7rRDBpdumYL7O0h2+uT6Yqw7QcPfWGP3gmbGP4eBs/Dl+VSdceOnPhdJyxkVJSmobiZLeFpJMkL0UZJPQAeJOBSv2Ob0SbUDL9/iJkUwzx9Y+Aq2PI55+tHwaXqM6iSe6W1zyhjjD8Pqx5/CopFubO4SC8Kssme6nQYDEb8JHQ4389/CiutpaDV0W8MhrvYbR+0cAu7QfdLiT2hLEAAx/mX19DWUm+zHUotNlk7+Fr1HPDGrZSRMeONjzrrqoqDCqAPAUNqNzHZWc11McRxIXY+QGaypyRpwR83yo8UjxSKVdGKsrDBBGxBplS3cxvLye8f3p5Glb1Yk/rUdNJ9Cz9jQ7IeJThl9oHHUVZjtdqxAHeW426Rf+6q32UnpSxxvhCOHZcYqaXGryMNk7Tau3/wCvhH8sYFQvrGrOcm8ufht+lQy8ZAHd9c7Gl+8JncMD/TVaF/liV6e6KkgYrKGUZOOVRJ7tPQlSSDj0rTMQeIsZGlkTAj4RsSWPhvXa/s50b7h2ZjN1GO/vR30wI6MPZHwXFcO021a/1C0tPabv5ljwCeRO/wCWa+m4kEcaoowFAA9KBY8DqXIY15fabanguIngQDh75GZlHIDIPtfWgrbUI3vO81KV0vD7KLcR92OHwjHLwzuT41YXMC3Nu8LkgMOY5qehFC5v8iOWzgmwR7feAD1wRsaHzk1hnxxT0sKHuCqz2bv+7W4Ti8s5A/zFaIqOWJZY2jkGVYYIrKeM01qwqOxuidrNP7T6xd69qgudOnY/do+Mt1yCB+EAbY61o+0ZT7rAhwXa5j4PUHJ/yhqDjuNTt07uOeGdB7pnU8Q9SDv8qYI5ZZ/vN3KJZuHhUBcLGDzCjz8edMyti4ikaJKRLvWF+1rUvuugJYo2HvH4Tj+Abn9B8a3Z5Vx37XLlpe0UFuQcQ2wI9WY/+IpeHbGpejA8Izlhv4ikOB/eEfGpSQDjIzSEU0hXAW4ZVjLcZfyzTRqY5cBXzzTdRfAVB13NV9awuM3H0Wq3sTe9M6/Cp0ljYZEwI8yKo6bvU4hV8iSD4/dFSVGhAAGRkedTWyo7lXGTjI3qA08iWPZm6Fn2g025bdYbhWY+A5E19JxsCor5nVVAICgA7Gu4fZ9ro1fQY1lfN1bfspc8zjk3xH60C1BK5dmomlMKF+7dwOYQZOPGkt7mG5Um3lRxno3L1FPBqtnFtLMzXemyCQHaVY+LPoy70AMWtC31/FYx8UoZ2ztHHu7ei9ajXTrV1Dft8HoZnH5Zqa3s7a2P7CFEJ5sBv8+dQg63njuIVliOUPiMH5VKDTQAuwAHpXqheDjWL1zsjBrnak39+5FjBbojRg4MjAk4z4AHetnQt9CblUiP7ktmT+Yfw+hOM+VSLwpoqFsdDNsLZdNiFq+EVu4ARug35/GuRdtdETQdce2hbNvIokiB5qD0Ppg12++hecwonCqLIHc+S7gD44+VcX+0/UEu+0lwsJ41gRYfZ3y3M/X8qNXrYGxJIwd3J3szEchsKgokxIDuMeu1NMKcwTTXFivJESqWOBUyxKBuM/GljXhWn1kNFdFrHHGsSCaLB4fxJiop0gQBolXizsQeVXQjuU272Nh4EYpksh4SJYomHX2x+tNuhCSmVMT8Q3XBHMVaaBrtzoOpJd2hDnAEkXSRfA/oarpYm4v2EcxXw4c4+NMQpjbbxDc6VnW17GITPoPs72hsNesxPZS+0AO8ibZoz4Efryq5zmvmq0vrixuVuLGZ4J05SIcH08/SuodlPtGS5MdrryLBM2wuE/dn+ofh+lKzrwahYmdGr2aQMrgMpBB5EUhNBDjqSmNIqqWZgo8ScVndd7baJo6sJLpbicbCC3IZs+fhV42U2kaGeeO3ieWZgkaDLMTgAVhrf7T9JLzi9SeJUY906Rlg69DjmKw/abtnqPaJTEcW1kdxAh97+o9fTlWZfdGHkaNGv9Ayt/Dpev8A2mxSWzw6JBIZGGO+mXhC+YHjXPLRjJeqzkszcTEnmT1NDL7o9KdGwSaNixAB3I6A0xUlGQCyTki6aONxh0UjzFCzaZaS84gp8VOKk7zBws/EegwD9K9xXPREb+r2a6fTQl6M1JGYpGjPNSRTastWtpmnWbu0BcYIU8/OgDBP/wAFvhXPsjxkOwmmjVdxH1Bb+o5pyoi+6ij0GKj7lh7lxIvkcN9RTgsw/Gjeq4roiBKM0jRo4w6K3qAaj7yVecOfNXB+tXOh9n9U1xO9srUrb5I76Y8C7eHU/Co2l7IUFxpsUuDCqRsOoHOhpbC5bMcaLISh91tgMbk+VdAPYDWFkXie2MefbMb5YDyBAz86IvNDsNLmCWyyss8Xdzd+fa4xk4I6ZBJ22PDQvHXZLCO6UFqNzpL8el2j8PDmFDw+HsihO0+tJoWjT37gFkAWNT+JzsBVFba9e2MQjaNLqNQAoJ4H8ANhuelV3a6e61e3ltb2AWptiWEavxNx4PCc7beFJv8AzrFZjHI/6Ffj1GA1XXtU1Z86hfyyZ5IG4UHoo2qqkxgetde0j7ONCuLSK4unuboyqDxFjHjy23qp7Y/Zva2OnS3ujXE0aQqWlglPHsOZDHfbwqnVnowvkb7Obxn2B5bUtEf2dcIDwtG4J6HGKcunt3YMkoRuoO+K0qJGvKgGM7FT+HalJTkzLv0zRh0yQsGE0ZHL3Tv+dEW1gkIPeBZCemNhW4/HkZdqG6Y8pTgkVuFRs5HMUdyqL7vEOQK+jGvdycexLIPU5+tORXFYAk9I72CSYIY+HKk7HrQrW9wD+5U+jCinlaPYzxk+BXf8qZ95uPwWxkHiDw/WsyhGTIm0EGX2QUR3zy4RXv255IqjxZs/SpKRhnbJHmDRcMCxR8c0Yu5+GEuokKjGFyM7+ma73axxQwRxQIqRKMIqjAA8q4IAAME8XrWp7N9rNWtJ7ewzFc26qQqy7MAOQDf6ihTrcvRTZ1iqrW7SG7a2hlUYmcxkjYj2SwI8wR9ap5+11wYgLXTv2p58cowPQDn+VWuhmbUo7fUrwgDgPcR9QDsWONsn8h60Kdc6+2ZUoy6AH7PiwSS+Mr3T26NJDDwAe2ASM45mqjsXeSdqJ55tbtIpJrUqY5VQoN8nhIzvgjO9b6mhVX3VA67Cr8rae9snBIAsf/j3V3bckDd8nkHzkf4g3zqm7cazaW3Zm4IlHFdoYYh/FxZBPpjJzXu2ffrJa/d3nVZleKRYBksNiByPn865hqt7d31/LK87Sqh7uNphwlANiAoG24NVGHJbpv7BkljfPA6kD+amyRRkh3HxNRvbGXeWTI6gKB+dN+4W4AHASRy9s0fvDQ83MI2Vw58EGfpXhM7e5C//AFnhrwhZfcmZQOmAaXE46xv8wavsgnDcN7zxoP5Rk/nXvuyn94zyf1Nt8hS95IPehPqGBpe+QD2wy+oNQjHKioMIoX0p1NWRG911PoadV6isP//Z","Cornchip Girl",888
9,https://static.wikia.nocookie.net/disneyvillains/images/7/76/Mundy.png/revision/latest?cb=20161204045308,"Conrad Mundy",999
10,https://static.wikia.nocookie.net/recess/images/3/33/Butch_HQ.PNG/revision/latest?cb=20191126212223,Butch,100
